"0","sequences = c(
""RHSHYLPFRGGARNCIGTLLRFELLPDPTR"",
""DPFSAYHFDGGARNCIGKQARLVVDTLREL"",
""FDPGRARFFGGARNCIGQFAMKVLTLVRFE"",
""DPSRFAPFDGGARNCIGFAMLKVGLRFELL"",
""DSFADPRFSGGARNCIGQAMMIVLLRFELL"",
""RAPSRSHFRGRARNRIGQFMEKASTLRELP"",
""RFPSHHAFRGRARNPIGKQLTLLRFELLPD"",
""PAPSRSHFPGRARNAIGKQFMEKAATLRDD"",
""AGSSHSHFAGRARNFIGFAMNKVALTLRFE"")
N = length (sequences)
M = nchar (sequences [1])
print (paste (""NxM: "", N, M))
"
"1","[1]"
"1"," ""NxM:  9 30"""
"1","
"
"0","print (sequences)"
"1","[1]"
"1"," ""RHSHYLPFRGGARNCIGTLLRFELLPDPTR"""
"1"," ""DPFSAYHFDGGARNCIGKQARLVVDTLREL"""
"1","
"
"1","[3]"
"1"," ""FDPGRARFFGGARNCIGQFAMKVLTLVRFE"""
"1"," ""DPSRFAPFDGGARNCIGFAMLKVGLRFELL"""
"1","
"
"1","[5]"
"1"," ""DSFADPRFSGGARNCIGQAMMIVLLRFELL"""
"1"," ""RAPSRSHFRGRARNRIGQFMEKASTLRELP"""
"1","
"
"1","[7]"
"1"," ""RFPSHHAFRGRARNPIGKQLTLLRFELLPD"""
"1"," ""PAPSRSHFPGRARNAIGKQFMEKAATLRDD"""
"1","
"
"1","[9]"
"1"," ""AGSSHSHFAGRARNFIGFAMNKVALTLRFE"""
"1","
"
