"0","print (round (PWM,2))"
"1"," "
"1","   p1"
"1","   p2"
"1","   p3"
"1","   p4"
"1","   p5"
"1","   p6"
"1","   p7"
"1","   p8"
"1","   p9"
"1","  p10"
"1","  p11"
"1","  p12"
"1","  p13"
"1","  p14"
"1","  p15"
"1","  p16"
"1","  p17"
"1","  p18"
"1","  p19"
"1","  p20"
"1","  p21"
"1","  p22"
"1","  p23"
"1","  p24"
"1","  p25"
"1","  p26"
"1","  p27"
"1","  p28"
"1","  p29"
"1","  p30"
"1","
A"
"1"," 0.11"
"1"," 0.22"
"1"," 0.00"
"1"," 0.11"
"1"," 0.11"
"1"," 0.22"
"1"," 0.11"
"1"," 0.00"
"1"," 0.11"
"1"," 0.00"
"1"," 0.00"
"1"," 0.98"
"1"," 0.00"
"1"," 0.00"
"1"," 0.11"
"1"," 0.00"
"1"," 0.00"
"1"," 0.00"
"1"," 0.33"
"1"," 0.22"
"1"," 0.00"
"1"," 0.00"
"1"," 0.11"
"1"," 0.22"
"1"," 0.11"
"1"," 0.00"
"1"," 0.00"
"1"," 0.00"
"1"," 0.00"
"1"," 0.00"
"1","
R"
"1"," 0.33"
"1"," 0.00"
"1"," 0.00"
"1"," 0.11"
"1"," 0.33"
"1"," 0.00"
"1"," 0.22"
"1"," 0.00"
"1"," 0.33"
"1"," 0.00"
"1"," 0.43"
"1"," 0.00"
"1"," 0.98"
"1"," 0.00"
"1"," 0.11"
"1"," 0.00"
"1"," 0.00"
"1"," 0.00"
"1"," 0.00"
"1"," 0.00"
"1"," 0.22"
"1"," 0.00"
"1"," 0.00"
"1"," 0.11"
"1"," 0.00"
"1"," 0.22"
"1"," 0.11"
"1"," 0.43"
"1"," 0.00"
"1"," 0.11"
"1","
N"
"1"," 0.00"
"1"," 0.00"
"1"," 0.00"
"1"," 0.00"
"1"," 0.00"
"1"," 0.00"
"1"," 0.00"
"1"," 0.00"
"1"," 0.00"
"1"," 0.00"
"1"," 0.00"
"1"," 0.00"
"1"," 0.00"
"1"," 0.98"
"1"," 0.00"
"1"," 0.00"
"1"," 0.00"
"1"," 0.00"
"1"," 0.00"
"1"," 0.00"
"1"," 0.11"
"1"," 0.00"
"1"," 0.00"
"1"," 0.00"
"1"," 0.00"
"1"," 0.00"
"1"," 0.00"
"1"," 0.00"
"1"," 0.00"
"1"," 0.00"
"1","
D"
"1"," 0.33"
"1"," 0.11"
"1"," 0.00"
"1"," 0.00"
"1"," 0.11"
"1"," 0.00"
"1"," 0.00"
"1"," 0.00"
"1"," 0.22"
"1"," 0.00"
"1"," 0.00"
"1"," 0.00"
"1"," 0.00"
"1"," 0.00"
"1"," 0.00"
"1"," 0.00"
"1"," 0.00"
"1"," 0.00"
"1"," 0.00"
"1"," 0.00"
"1"," 0.00"
"1"," 0.00"
"1"," 0.00"
"1"," 0.00"
"1"," 0.11"
"1"," 0.00"
"1"," 0.11"
"1"," 0.00"
"1"," 0.11"
"1"," 0.22"
"1","
C"
"1"," 0.00"
"1"," 0.00"
"1"," 0.00"
"1"," 0.00"
"1"," 0.00"
"1"," 0.00"
"1"," 0.00"
"1"," 0.00"
"1"," 0.00"
"1"," 0.00"
"1"," 0.00"
"1"," 0.00"
"1"," 0.00"
"1"," 0.00"
"1"," 0.54"
"1"," 0.00"
"1"," 0.00"
"1"," 0.00"
"1"," 0.00"
"1"," 0.00"
"1"," 0.00"
"1"," 0.00"
"1"," 0.00"
"1"," 0.00"
"1"," 0.00"
"1"," 0.00"
"1"," 0.00"
"1"," 0.00"
"1"," 0.00"
"1"," 0.00"
"1","
Q"
"1"," 0.00"
"1"," 0.00"
"1"," 0.00"
"1"," 0.00"
"1"," 0.00"
"1"," 0.00"
"1"," 0.00"
"1"," 0.00"
"1"," 0.00"
"1"," 0.00"
"1"," 0.00"
"1"," 0.00"
"1"," 0.00"
"1"," 0.00"
"1"," 0.00"
"1"," 0.00"
"1"," 0.00"
"1"," 0.33"
"1"," 0.33"
"1"," 0.00"
"1"," 0.00"
"1"," 0.00"
"1"," 0.00"
"1"," 0.00"
"1"," 0.00"
"1"," 0.00"
"1"," 0.00"
"1"," 0.00"
"1"," 0.00"
"1"," 0.00"
"1","
E"
"1"," 0.00"
"1"," 0.00"
"1"," 0.00"
"1"," 0.00"
"1"," 0.00"
"1"," 0.00"
"1"," 0.00"
"1"," 0.00"
"1"," 0.00"
"1"," 0.00"
"1"," 0.00"
"1"," 0.00"
"1"," 0.00"
"1"," 0.00"
"1"," 0.00"
"1"," 0.00"
"1"," 0.00"
"1"," 0.00"
"1"," 0.00"
"1"," 0.00"
"1"," 0.11"
"1"," 0.11"
"1"," 0.11"
"1"," 0.00"
"1"," 0.00"
"1"," 0.11"
"1"," 0.00"
"1"," 0.33"
"1"," 0.11"
"1"," 0.22"
"1","
G"
"1"," 0.00"
"1"," 0.11"
"1"," 0.00"
"1"," 0.11"
"1"," 0.00"
"1"," 0.00"
"1"," 0.00"
"1"," 0.00"
"1"," 0.00"
"1"," 0.98"
"1"," 0.54"
"1"," 0.00"
"1"," 0.00"
"1"," 0.00"
"1"," 0.00"
"1"," 0.00"
"1"," 0.98"
"1"," 0.00"
"1"," 0.00"
"1"," 0.00"
"1"," 0.00"
"1"," 0.00"
"1"," 0.00"
"1"," 0.11"
"1"," 0.00"
"1"," 0.00"
"1"," 0.00"
"1"," 0.00"
"1"," 0.00"
"1"," 0.00"
"1","
H"
"1"," 0.00"
"1"," 0.11"
"1"," 0.00"
"1"," 0.11"
"1"," 0.22"
"1"," 0.11"
"1"," 0.43"
"1"," 0.00"
"1"," 0.00"
"1"," 0.00"
"1"," 0.00"
"1"," 0.00"
"1"," 0.00"
"1"," 0.00"
"1"," 0.00"
"1"," 0.00"
"1"," 0.00"
"1"," 0.00"
"1"," 0.00"
"1"," 0.00"
"1"," 0.00"
"1"," 0.00"
"1"," 0.00"
"1"," 0.00"
"1"," 0.00"
"1"," 0.00"
"1"," 0.00"
"1"," 0.00"
"1"," 0.00"
"1"," 0.00"
"1","
I"
"1"," 0.00"
"1"," 0.00"
"1"," 0.00"
"1"," 0.00"
"1"," 0.00"
"1"," 0.00"
"1"," 0.00"
"1"," 0.00"
"1"," 0.00"
"1"," 0.00"
"1"," 0.00"
"1"," 0.00"
"1"," 0.00"
"1"," 0.00"
"1"," 0.00"
"1"," 0.98"
"1"," 0.00"
"1"," 0.00"
"1"," 0.00"
"1"," 0.00"
"1"," 0.00"
"1"," 0.11"
"1"," 0.00"
"1"," 0.00"
"1"," 0.00"
"1"," 0.00"
"1"," 0.00"
"1"," 0.00"
"1"," 0.00"
"1"," 0.00"
"1","
L"
"1"," 0.00"
"1"," 0.00"
"1"," 0.00"
"1"," 0.00"
"1"," 0.00"
"1"," 0.11"
"1"," 0.00"
"1"," 0.00"
"1"," 0.00"
"1"," 0.00"
"1"," 0.00"
"1"," 0.00"
"1"," 0.00"
"1"," 0.00"
"1"," 0.00"
"1"," 0.00"
"1"," 0.00"
"1"," 0.00"
"1"," 0.11"
"1"," 0.22"
"1"," 0.11"
"1"," 0.22"
"1"," 0.11"
"1"," 0.33"
"1"," 0.43"
"1"," 0.22"
"1"," 0.43"
"1"," 0.11"
"1"," 0.33"
"1"," 0.33"
"1","
K"
"1"," 0.00"
"1"," 0.00"
"1"," 0.00"
"1"," 0.00"
"1"," 0.00"
"1"," 0.00"
"1"," 0.00"
"1"," 0.00"
"1"," 0.00"
"1"," 0.00"
"1"," 0.00"
"1"," 0.00"
"1"," 0.00"
"1"," 0.00"
"1"," 0.00"
"1"," 0.00"
"1"," 0.00"
"1"," 0.33"
"1"," 0.00"
"1"," 0.00"
"1"," 0.00"
"1"," 0.43"
"1"," 0.11"
"1"," 0.00"
"1"," 0.00"
"1"," 0.00"
"1"," 0.00"
"1"," 0.00"
"1"," 0.00"
"1"," 0.00"
"1","
M"
"1"," 0.00"
"1"," 0.00"
"1"," 0.00"
"1"," 0.00"
"1"," 0.00"
"1"," 0.00"
"1"," 0.00"
"1"," 0.00"
"1"," 0.00"
"1"," 0.00"
"1"," 0.00"
"1"," 0.00"
"1"," 0.00"
"1"," 0.00"
"1"," 0.00"
"1"," 0.00"
"1"," 0.00"
"1"," 0.00"
"1"," 0.00"
"1"," 0.43"
"1"," 0.33"
"1"," 0.00"
"1"," 0.00"
"1"," 0.00"
"1"," 0.00"
"1"," 0.00"
"1"," 0.00"
"1"," 0.00"
"1"," 0.00"
"1"," 0.00"
"1","
F"
"1"," 0.11"
"1"," 0.11"
"1"," 0.22"
"1"," 0.00"
"1"," 0.11"
"1"," 0.00"
"1"," 0.00"
"1"," 0.98"
"1"," 0.11"
"1"," 0.00"
"1"," 0.00"
"1"," 0.00"
"1"," 0.00"
"1"," 0.00"
"1"," 0.11"
"1"," 0.00"
"1"," 0.00"
"1"," 0.22"
"1"," 0.22"
"1"," 0.11"
"1"," 0.00"
"1"," 0.11"
"1"," 0.00"
"1"," 0.00"
"1"," 0.11"
"1"," 0.00"
"1"," 0.22"
"1"," 0.00"
"1"," 0.22"
"1"," 0.00"
"1","
P"
"1"," 0.11"
"1"," 0.22"
"1"," 0.43"
"1"," 0.00"
"1"," 0.00"
"1"," 0.11"
"1"," 0.22"
"1"," 0.00"
"1"," 0.11"
"1"," 0.00"
"1"," 0.00"
"1"," 0.00"
"1"," 0.00"
"1"," 0.00"
"1"," 0.11"
"1"," 0.00"
"1"," 0.00"
"1"," 0.00"
"1"," 0.00"
"1"," 0.00"
"1"," 0.00"
"1"," 0.00"
"1"," 0.00"
"1"," 0.00"
"1"," 0.00"
"1"," 0.11"
"1"," 0.00"
"1"," 0.11"
"1"," 0.11"
"1"," 0.11"
"1","
S"
"1"," 0.00"
"1"," 0.11"
"1"," 0.33"
"1"," 0.54"
"1"," 0.00"
"1"," 0.33"
"1"," 0.00"
"1"," 0.00"
"1"," 0.11"
"1"," 0.00"
"1"," 0.00"
"1"," 0.00"
"1"," 0.00"
"1"," 0.00"
"1"," 0.00"
"1"," 0.00"
"1"," 0.00"
"1"," 0.00"
"1"," 0.00"
"1"," 0.00"
"1"," 0.00"
"1"," 0.00"
"1"," 0.00"
"1"," 0.11"
"1"," 0.00"
"1"," 0.00"
"1"," 0.00"
"1"," 0.00"
"1"," 0.00"
"1"," 0.00"
"1","
T"
"1"," 0.00"
"1"," 0.00"
"1"," 0.00"
"1"," 0.00"
"1"," 0.00"
"1"," 0.00"
"1"," 0.00"
"1"," 0.00"
"1"," 0.00"
"1"," 0.00"
"1"," 0.00"
"1"," 0.00"
"1"," 0.00"
"1"," 0.00"
"1"," 0.00"
"1"," 0.00"
"1"," 0.00"
"1"," 0.11"
"1"," 0.00"
"1"," 0.00"
"1"," 0.11"
"1"," 0.00"
"1"," 0.00"
"1"," 0.00"
"1"," 0.22"
"1"," 0.33"
"1"," 0.00"
"1"," 0.00"
"1"," 0.11"
"1"," 0.00"
"1","
W"
"1"," 0.00"
"1"," 0.00"
"1"," 0.00"
"1"," 0.00"
"1"," 0.00"
"1"," 0.00"
"1"," 0.00"
"1"," 0.00"
"1"," 0.00"
"1"," 0.00"
"1"," 0.00"
"1"," 0.00"
"1"," 0.00"
"1"," 0.00"
"1"," 0.00"
"1"," 0.00"
"1"," 0.00"
"1"," 0.00"
"1"," 0.00"
"1"," 0.00"
"1"," 0.00"
"1"," 0.00"
"1"," 0.00"
"1"," 0.00"
"1"," 0.00"
"1"," 0.00"
"1"," 0.00"
"1"," 0.00"
"1"," 0.00"
"1"," 0.00"
"1","
Y"
"1"," 0.00"
"1"," 0.00"
"1"," 0.00"
"1"," 0.00"
"1"," 0.11"
"1"," 0.11"
"1"," 0.00"
"1"," 0.00"
"1"," 0.00"
"1"," 0.00"
"1"," 0.00"
"1"," 0.00"
"1"," 0.00"
"1"," 0.00"
"1"," 0.00"
"1"," 0.00"
"1"," 0.00"
"1"," 0.00"
"1"," 0.00"
"1"," 0.00"
"1"," 0.00"
"1"," 0.00"
"1"," 0.00"
"1"," 0.00"
"1"," 0.00"
"1"," 0.00"
"1"," 0.00"
"1"," 0.00"
"1"," 0.00"
"1"," 0.00"
"1","
V"
"1"," 0.00"
"1"," 0.00"
"1"," 0.00"
"1"," 0.00"
"1"," 0.00"
"1"," 0.00"
"1"," 0.00"
"1"," 0.00"
"1"," 0.00"
"1"," 0.00"
"1"," 0.00"
"1"," 0.00"
"1"," 0.00"
"1"," 0.00"
"1"," 0.00"
"1"," 0.00"
"1"," 0.00"
"1"," 0.00"
"1"," 0.00"
"1"," 0.00"
"1"," 0.00"
"1"," 0.00"
"1"," 0.54"
"1"," 0.11"
"1"," 0.00"
"1"," 0.00"
"1"," 0.11"
"1"," 0.00"
"1"," 0.00"
"1"," 0.00"
"1","
B"
"1"," 0.00"
"1"," 0.00"
"1"," 0.00"
"1"," 0.00"
"1"," 0.00"
"1"," 0.00"
"1"," 0.00"
"1"," 0.00"
"1"," 0.00"
"1"," 0.00"
"1"," 0.00"
"1"," 0.00"
"1"," 0.00"
"1"," 0.00"
"1"," 0.00"
"1"," 0.00"
"1"," 0.00"
"1"," 0.00"
"1"," 0.00"
"1"," 0.00"
"1"," 0.00"
"1"," 0.00"
"1"," 0.00"
"1"," 0.00"
"1"," 0.00"
"1"," 0.00"
"1"," 0.00"
"1"," 0.00"
"1"," 0.00"
"1"," 0.00"
"1","
Z"
"1"," 0.00"
"1"," 0.00"
"1"," 0.00"
"1"," 0.00"
"1"," 0.00"
"1"," 0.00"
"1"," 0.00"
"1"," 0.00"
"1"," 0.00"
"1"," 0.00"
"1"," 0.00"
"1"," 0.00"
"1"," 0.00"
"1"," 0.00"
"1"," 0.00"
"1"," 0.00"
"1"," 0.00"
"1"," 0.00"
"1"," 0.00"
"1"," 0.00"
"1"," 0.00"
"1"," 0.00"
"1"," 0.00"
"1"," 0.00"
"1"," 0.00"
"1"," 0.00"
"1"," 0.00"
"1"," 0.00"
"1"," 0.00"
"1"," 0.00"
"1","
X"
"1"," 0.00"
"1"," 0.00"
"1"," 0.00"
"1"," 0.00"
"1"," 0.00"
"1"," 0.00"
"1"," 0.00"
"1"," 0.00"
"1"," 0.00"
"1"," 0.00"
"1"," 0.00"
"1"," 0.00"
"1"," 0.00"
"1"," 0.00"
"1"," 0.00"
"1"," 0.00"
"1"," 0.00"
"1"," 0.00"
"1"," 0.00"
"1"," 0.00"
"1"," 0.00"
"1"," 0.00"
"1"," 0.00"
"1"," 0.00"
"1"," 0.00"
"1"," 0.00"
"1"," 0.00"
"1"," 0.00"
"1"," 0.00"
"1"," 0.00"
"1","
"
"0","print ("""")"
"1","[1]"
"1"," """""
"1","
"
"0","ggseqlogo (PWM, seq_type=""aa"")"
