"0","seqMatrix = matrix (unlist (strsplit (sequences, split="""")),nrow=N,byrow = T)"
"0","print (seqMatrix)"
"1","     "
"1"," [,1]"
"1"," [,2]"
"1"," [,3]"
"1"," [,4]"
"1"," [,5]"
"1"," [,6]"
"1"," [,7]"
"1"," [,8]"
"1"," [,9]"
"1"," [,10]"
"1"," [,11]"
"1"," [,12]"
"1"," [,13]"
"1"," [,14]"
"1"," [,15]"
"1"," [,16]"
"1"," [,17]"
"1"," [,18]"
"1"," [,19]"
"1"," [,20]"
"1"," [,21]"
"1"," [,22]"
"1"," [,23]"
"1"," [,24]"
"1"," [,25]"
"1"," [,26]"
"1"," [,27]"
"1"," [,28]"
"1"," [,29]"
"1"," [,30]"
"1","
 [1,]"
"1"," ""R"" "
"1"," ""H"" "
"1"," ""S"" "
"1"," ""H"" "
"1"," ""Y"" "
"1"," ""L"" "
"1"," ""P"" "
"1"," ""F"" "
"1"," ""R"" "
"1"," ""G""  "
"1"," ""G""  "
"1"," ""A""  "
"1"," ""R""  "
"1"," ""N""  "
"1"," ""C""  "
"1"," ""I""  "
"1"," ""G""  "
"1"," ""T""  "
"1"," ""L""  "
"1"," ""L""  "
"1"," ""R""  "
"1"," ""F""  "
"1"," ""E""  "
"1"," ""L""  "
"1"," ""L""  "
"1"," ""P""  "
"1"," ""D""  "
"1"," ""P""  "
"1"," ""T""  "
"1"," ""R""  "
"1","
 [2,]"
"1"," ""D"" "
"1"," ""P"" "
"1"," ""F"" "
"1"," ""S"" "
"1"," ""A"" "
"1"," ""Y"" "
"1"," ""H"" "
"1"," ""F"" "
"1"," ""D"" "
"1"," ""G""  "
"1"," ""G""  "
"1"," ""A""  "
"1"," ""R""  "
"1"," ""N""  "
"1"," ""C""  "
"1"," ""I""  "
"1"," ""G""  "
"1"," ""K""  "
"1"," ""Q""  "
"1"," ""A""  "
"1"," ""R""  "
"1"," ""L""  "
"1"," ""V""  "
"1"," ""V""  "
"1"," ""D""  "
"1"," ""T""  "
"1"," ""L""  "
"1"," ""R""  "
"1"," ""E""  "
"1"," ""L""  "
"1","
 [3,]"
"1"," ""F"" "
"1"," ""D"" "
"1"," ""P"" "
"1"," ""G"" "
"1"," ""R"" "
"1"," ""A"" "
"1"," ""R"" "
"1"," ""F"" "
"1"," ""F"" "
"1"," ""G""  "
"1"," ""G""  "
"1"," ""A""  "
"1"," ""R""  "
"1"," ""N""  "
"1"," ""C""  "
"1"," ""I""  "
"1"," ""G""  "
"1"," ""Q""  "
"1"," ""F""  "
"1"," ""A""  "
"1"," ""M""  "
"1"," ""K""  "
"1"," ""V""  "
"1"," ""L""  "
"1"," ""T""  "
"1"," ""L""  "
"1"," ""V""  "
"1"," ""R""  "
"1"," ""F""  "
"1"," ""E""  "
"1","
 [4,]"
"1"," ""D"" "
"1"," ""P"" "
"1"," ""S"" "
"1"," ""R"" "
"1"," ""F"" "
"1"," ""A"" "
"1"," ""P"" "
"1"," ""F"" "
"1"," ""D"" "
"1"," ""G""  "
"1"," ""G""  "
"1"," ""A""  "
"1"," ""R""  "
"1"," ""N""  "
"1"," ""C""  "
"1"," ""I""  "
"1"," ""G""  "
"1"," ""F""  "
"1"," ""A""  "
"1"," ""M""  "
"1"," ""L""  "
"1"," ""K""  "
"1"," ""V""  "
"1"," ""G""  "
"1"," ""L""  "
"1"," ""R""  "
"1"," ""F""  "
"1"," ""E""  "
"1"," ""L""  "
"1"," ""L""  "
"1","
 [5,]"
"1"," ""D"" "
"1"," ""S"" "
"1"," ""F"" "
"1"," ""A"" "
"1"," ""D"" "
"1"," ""P"" "
"1"," ""R"" "
"1"," ""F"" "
"1"," ""S"" "
"1"," ""G""  "
"1"," ""G""  "
"1"," ""A""  "
"1"," ""R""  "
"1"," ""N""  "
"1"," ""C""  "
"1"," ""I""  "
"1"," ""G""  "
"1"," ""Q""  "
"1"," ""A""  "
"1"," ""M""  "
"1"," ""M""  "
"1"," ""I""  "
"1"," ""V""  "
"1"," ""L""  "
"1"," ""L""  "
"1"," ""R""  "
"1"," ""F""  "
"1"," ""E""  "
"1"," ""L""  "
"1"," ""L""  "
"1","
 [6,]"
"1"," ""R"" "
"1"," ""A"" "
"1"," ""P"" "
"1"," ""S"" "
"1"," ""R"" "
"1"," ""S"" "
"1"," ""H"" "
"1"," ""F"" "
"1"," ""R"" "
"1"," ""G""  "
"1"," ""R""  "
"1"," ""A""  "
"1"," ""R""  "
"1"," ""N""  "
"1"," ""R""  "
"1"," ""I""  "
"1"," ""G""  "
"1"," ""Q""  "
"1"," ""F""  "
"1"," ""M""  "
"1"," ""E""  "
"1"," ""K""  "
"1"," ""A""  "
"1"," ""S""  "
"1"," ""T""  "
"1"," ""L""  "
"1"," ""R""  "
"1"," ""E""  "
"1"," ""L""  "
"1"," ""P""  "
"1","
 [7,]"
"1"," ""R"" "
"1"," ""F"" "
"1"," ""P"" "
"1"," ""S"" "
"1"," ""H"" "
"1"," ""H"" "
"1"," ""A"" "
"1"," ""F"" "
"1"," ""R"" "
"1"," ""G""  "
"1"," ""R""  "
"1"," ""A""  "
"1"," ""R""  "
"1"," ""N""  "
"1"," ""P""  "
"1"," ""I""  "
"1"," ""G""  "
"1"," ""K""  "
"1"," ""Q""  "
"1"," ""L""  "
"1"," ""T""  "
"1"," ""L""  "
"1"," ""L""  "
"1"," ""R""  "
"1"," ""F""  "
"1"," ""E""  "
"1"," ""L""  "
"1"," ""L""  "
"1"," ""P""  "
"1"," ""D""  "
"1","
 [8,]"
"1"," ""P"" "
"1"," ""A"" "
"1"," ""P"" "
"1"," ""S"" "
"1"," ""R"" "
"1"," ""S"" "
"1"," ""H"" "
"1"," ""F"" "
"1"," ""P"" "
"1"," ""G""  "
"1"," ""R""  "
"1"," ""A""  "
"1"," ""R""  "
"1"," ""N""  "
"1"," ""A""  "
"1"," ""I""  "
"1"," ""G""  "
"1"," ""K""  "
"1"," ""Q""  "
"1"," ""F""  "
"1"," ""M""  "
"1"," ""E""  "
"1"," ""K""  "
"1"," ""A""  "
"1"," ""A""  "
"1"," ""T""  "
"1"," ""L""  "
"1"," ""R""  "
"1"," ""D""  "
"1"," ""D""  "
"1","
 [9,]"
"1"," ""A"" "
"1"," ""G"" "
"1"," ""S"" "
"1"," ""S"" "
"1"," ""H"" "
"1"," ""S"" "
"1"," ""H"" "
"1"," ""F"" "
"1"," ""A"" "
"1"," ""G""  "
"1"," ""R""  "
"1"," ""A""  "
"1"," ""R""  "
"1"," ""N""  "
"1"," ""F""  "
"1"," ""I""  "
"1"," ""G""  "
"1"," ""F""  "
"1"," ""A""  "
"1"," ""M""  "
"1"," ""N""  "
"1"," ""K""  "
"1"," ""V""  "
"1"," ""A""  "
"1"," ""L""  "
"1"," ""T""  "
"1"," ""L""  "
"1"," ""R""  "
"1"," ""F""  "
"1"," ""E""  "
"1","
"
